taxonomy_1,taxonomy_2,taxonomy_3,description
Baby,Baby & Kid Snacks,Baby Snacks 10 Months & Up,
Baby,Baby & Kid Snacks,Baby Snacks 12 Months & Up,
Baby,Baby & Kid Snacks,Baby Snacks 7 Months & Up,
Baby,Baby & Kid Snacks,Kid Snacks 3 Years & Up,
Baby,Baby & Toddler Healthcare,Baby Cotton Wool And Buds,
Baby,Baby & Toddler Healthcare,Baby Medicine And Vitamins,
Baby,Baby & Toddler Healthcare,Baby Sterilising Fluid,
Baby,Baby & Toddler Toiletries,Baby & Toddler Bath,
Baby,Baby & Toddler Toiletries,"Baby Oils, Creams & Lotions",
Baby,Baby & Toddler Toiletries,Baby Shampoo And Conditioner,
Baby,Baby & Toddler Toiletries,Baby Talcum Powder,
Baby,Baby Accessories,Baby Bottles,
Baby,Baby Accessories,Baby Feeding Accessories,
Baby,Baby Accessories,Baby Nursery Healthcare,
Baby,Baby Accessories,"Baby Plates, Cutlery & Cups",
Baby,Baby Accessories,Baby Teethers & Soothers,
Baby,Baby Food 10 Months & Up,Baby Breakfast,
Baby,Baby Food 10 Months & Up,Lunch & Dinner,
Baby,Baby Food 12 Months & Up,Lunch & Dinner,
Baby,Baby Food 4 Months & Up,Baby Breakfast,
Baby,Baby Food 4 Months & Up,Baby Desserts & Fruit,
Baby,Baby Food 4 Months & Up,Lunch & Dinner,
Baby,Baby Food 7 Months & Up,Baby Breakfast,
Baby,Baby Food 7 Months & Up,Baby Desserts & Fruit,
Baby,Baby Food 7 Months & Up,Lunch & Dinner,
Baby,Baby Milk,Specialist Milk,
Baby,Baby Milk,Stage 1 - First Milk,
Baby,Baby Milk,Stage 2 - Follow On Milk,
Baby,Baby Milk,Stage 3 - Growing Up Milk,
Baby,Baby Milk,Stage 4 - Growing Up Milk,
Baby,Baby Nappies & Pants,Nappy Bags,
Baby,Baby Nappies & Pants,Night Time Protection,
Baby,Baby Nappies & Pants,Potty Training,
Baby,Baby Nappies & Pants,Size 0 - 1 Newborn,
Baby,Baby Nappies & Pants,Size 2,
Baby,Baby Nappies & Pants,Size 3,
Baby,Baby Nappies & Pants,Size 4 & 4+,
Baby,Baby Nappies & Pants,Size 5 & 5+,
Baby,Baby Nappies & Pants,Size 6 & Up,
Baby,Baby Nappies & Pants,Swim Wear,
Baby,Baby Wipes,Fragrance Free Wipes,
Baby,Baby Wipes,Fragranced Wipes,
Bakery,Bread,"Bagels, Thins & Wraps","Bagels, sandwich thins and rounds, tortilla wraps, and crispbreads/crackerbreads/rice cakes sold as bread alternatives."
Bakery,Bread,Brown & Wholemeal Bread,"Pre-sliced brown, wholemeal and wholegrain pan and half-pan loaves."
Bakery,Bread,"Pitta, Naan & Flatbreads","Pitta, naan, flatbreads, and part-baked/bake-at-home baguettes, ciabatta and petits pains."
Bakery,Bread,"Rolls, Baps & Baguettes","Bread rolls, baps, burger buns, hot dog rolls, brioche buns, petit pains and baguettes, packaged or in-store baked."
Bakery,Bread,Seeded & Sourdough Bread,"Pre-sliced and packaged seeded, multigrain, chia, spelt, low-GI and sourdough loaves."
Bakery,Bread,Sliced White Bread,"Pre-sliced white pan, batch, bloomer and toast loaves."
Bakery,Bread,Soda & Fruit Bread,"Soda bread and farls (brown, white, fruit) and fruit loaves such as barmbrack and tea brack."
Bakery,Cakes & Treats,Cakes,"Whole cakes and gateaux: sponge, chocolate, carrot, fruit, cheesecake, loaf cakes and fresh-cream cakes."
Bakery,Cakes & Treats,Celebration Cakes,"Birthday, party and occasion cakes and traybakes decorated for celebrations."
Bakery,Cakes & Treats,"Cookies, Brownies & Traybakes","Cookies, brownies, flapjacks, caramel/rocky-road/biscuit slices, viennese fingers and other tray-bake squares."
Bakery,Cakes & Treats,Cupcakes & Muffins,"Cupcakes, fairy/queen cakes, butterfly buns, muffins, madeleines and other small individual sponge cakes."
Bakery,Cakes & Treats,Meringues & Baking Cases,"Meringue nests and shells, flan/sponge-flan bases, vol-au-vent and pastry cases."
Bakery,Cakes & Treats,Swiss Rolls & Mini Rolls,"Swiss rolls, chocolate logs, and multipack mini/cocoa rolls."
Bakery,Cakes & Treats,Tarts & Pies,"Sweet tarts and pies: apple and fruit tarts, bakewell tarts, jam tarts, mince pies, fruit lattices and turnovers."
Bakery,Morning Goods,Croissants & Pastries,"Croissants, pain au chocolat, danish pastries, brioche swirls, pastel de nata and other continental sweet pastries."
Bakery,Morning Goods,"Crumpets, Pancakes & Waffles","Crumpets, potato farls, Scotch/breakfast pancakes, crepes and toasting waffles."
Bakery,Morning Goods,Doughnuts,"Ring, jam, custard and filled doughnuts."
Bakery,Morning Goods,Scones & Teacakes,"Scones (plain, fruit, cheese), hot cross buns, iced buns, rock buns and similar tea-time buns."
Beauty & Personal Care,Cosmetics,,
Beauty & Personal Care,Facial Skincare,Cleansers & Toners,
Beauty & Personal Care,Facial Skincare,Facial Wipes,
Beauty & Personal Care,Facial Skincare,Gel,
Beauty & Personal Care,Facial Skincare,Lip Care,
Beauty & Personal Care,Facial Skincare,Moisturisers & Masks,
Beauty & Personal Care,Feminine Care,Incontinence Pads,
Beauty & Personal Care,Feminine Care,Liners,
Beauty & Personal Care,Feminine Care,Sanitary Towels,
Beauty & Personal Care,Feminine Care,Tampons,
Beauty & Personal Care,Gift Sets,,
Beauty & Personal Care,Hair Care,Conditioner & Treatments,
Beauty & Personal Care,Hair Care,Medicated Haircare,
Beauty & Personal Care,Hair Care,Shampoo,
Beauty & Personal Care,Hair Colourants & Dyes,Permanent,
Beauty & Personal Care,Hair Colourants & Dyes,Root Touch Up,
Beauty & Personal Care,Hair Colourants & Dyes,Semi Permanent,
Beauty & Personal Care,Medicines & Healthcare,"Cough, Cold & Flu",
Beauty & Personal Care,Medicines & Healthcare,Digestive & Stomach Health,
Beauty & Personal Care,Medicines & Healthcare,Family Planning,
Beauty & Personal Care,Medicines & Healthcare,First Aid,
Beauty & Personal Care,Medicines & Healthcare,Kids Healthcare,
Beauty & Personal Care,Medicines & Healthcare,Pain Relief,
Beauty & Personal Care,Men's Toiletries,Men's Blades & Razors,
Beauty & Personal Care,Men's Toiletries,Men's Deodorant & Body Sprays,
Beauty & Personal Care,Men's Toiletries,Men's Hair & Body Products,
Beauty & Personal Care,Men's Toiletries,"Shaving Foams, Gels & Oils",
Beauty & Personal Care,Men's Toiletries,Skincare,
Beauty & Personal Care,Oral Care,Denture Care,
Beauty & Personal Care,Oral Care,Floss & Dental Care,
Beauty & Personal Care,Oral Care,Mouthwash,
Beauty & Personal Care,Skincare,Body Care,
Beauty & Personal Care,Skincare,Cotton Wool,
Beauty & Personal Care,Skincare,Hand & Foot Care,
Beauty & Personal Care,Skincare,Medicated Skincare,
Beauty & Personal Care,Skincare,Self Tan,
Beauty & Personal Care,"Soap, Shower & Bath",Bath,
Beauty & Personal Care,"Soap, Shower & Bath",Handwash & Soap,
Beauty & Personal Care,"Soap, Shower & Bath",Shower,
Beauty & Personal Care,Styling,"Gels, Waxes & Creams",
Beauty & Personal Care,Styling,Hair Spray,
Beauty & Personal Care,Styling,Mousse & Serum,
Beauty & Personal Care,Styling,Sprays,
Beauty & Personal Care,Sun Care,,
Beauty & Personal Care,Toothbrushes,Electric,
Beauty & Personal Care,Toothbrushes,Kids Brushes,
Beauty & Personal Care,Toothbrushes,Toothbrushes,
Beauty & Personal Care,Toothpaste,Kids Toothpaste,
Beauty & Personal Care,Toothpaste,Multi-benefit Toothpaste,
Beauty & Personal Care,Toothpaste,Regular Toothpaste,
Beauty & Personal Care,Toothpaste,Sensitive Toothpaste,
Beauty & Personal Care,Toothpaste,Whitening Toothpaste,
Beauty & Personal Care,Women's Deodorants & Body Sprays,Aerosols,
Beauty & Personal Care,Women's Deodorants & Body Sprays,Roll Ons,
Beauty & Personal Care,Women's Deodorants & Body Sprays,Sticks,
Beauty & Personal Care,Women's Toiletries,Women's Blades & Razors,
Beauty & Personal Care,Women's Toiletries,Women's Hair Removal,
Cheese,Cheddar,,"Block, wedge, vintage and value cheddar including Irish red and white cheddar."
Cheese,Cheese Accompaniments,,"Crackers, oatcakes, breadsticks, fruit pastes, chutneys and fruit-and-nut cakes sold for cheese boards."
Cheese,Cheese Snacks & Lunchbox,,"Individual-portion cheese snacks - Babybel, Cheestrings, Dairylea Dunkers/Lunchers, cheddar snack bars."
Cheese,Continental & Speciality Cheese,,"Brie, camembert, gouda, edam, emmental, gruyere, manchego, comte, blue cheeses (gorgonzola, roquefort, cashel blue), Irish farmhouse and other continental/speciality cheeses, counter or pre-pack."
Cheese,Cooking Cheese,,"Cheese bought to cook with - mozzarella, mascarpone, ricotta, paneer, grana/parmesan, halloumi."
Cheese,Cottage & Cream Cheese,,"Cottage cheese, quark-style curd cheese and soft cream cheese, natural and flavoured."
Cheese,Goats & Sheep Cheese,,"Goats' and sheep's milk cheese - chevre logs, feta, pecorino, spreadable goat, goat gouda."
Cheese,Grated & Sliced Cheese,,Pre-grated and pre-sliced natural cheese for cooking and sandwiches.
Cheese,Processed Cheese Slices & Spreads,,"Processed cheese singles, slices, spreadable tubs and blocks (Calvita, Galtee, Dairylea, Kerry Easi Singles)."
Chilled Food,Fresh Pasta & Sauces,Fresh Pasta,"Chilled fresh pasta - filled tortelloni/ravioli, gnocchi, lasagne sheets, spaghetti."
Chilled Food,Fresh Pasta & Sauces,Fresh Sauces,"Chilled fresh pasta, pizza and cooking sauces."
Chilled Food,Meat Alternatives,,"Chilled vegetarian and vegan meat substitutes: meat-free sausages, rashers, pudding and burgers, tofu, tempeh, seitan, Quorn and soya pieces/fillets/mince, falafel and veggie protein bites."
Chilled Food,Pizza & Garlic Bread,Chilled Pizza,Chilled pizzas and pizza bases.
Chilled Food,Pizza & Garlic Bread,Garlic Bread,"Garlic bread, baguettes, toasties and flatbreads."
Chilled Food,Pre-pack Sandwiches,Sandwiches,"Pre-packed sandwiches on sliced bread, bloomers and baguettes."
Chilled Food,Pre-pack Sandwiches,Wraps & Rolls,"Pre-packed wraps, tortillas and filled rolls."
Chilled Food,"Páté, Olives & Dips",Dips,"Chilled fresh dips - sour cream, ranch, aioli, guacamole, chimichurri."
Chilled Food,"Páté, Olives & Dips",Fresh Pesto,"Chilled fresh pesto - basil, red pepper, sundried tomato, wild garlic."
Chilled Food,"Páté, Olives & Dips",Hummus,"Hummus in all flavours, standard and reduced fat."
Chilled Food,"Páté, Olives & Dips",Olives & Antipasti,"Deli olives, marinated olives, tapenade, sundried tomatoes and antipasti."
Chilled Food,"Páté, Olives & Dips",Páté,"Meat, poultry and vegetable pate and parfait."
Chilled Food,Ready Meals,Family Ready Meals,Family-size (three or more servings) chilled ready meals and traybakes.
Chilled Food,Ready Meals,Ready Meals For 1 & 2,"Single- and twin-serve chilled ready meals - curries, pasta bakes, lasagne, stir-fries, risottos, plus higher-protein and 'healthier' meal pots."
Chilled Food,Ready Meals,Side Dishes,"Chilled meal sides - mashed and roast potato, vegetable sides, cauliflower cheese, battered chips and onion rings."
Chilled Food,Ready Meals,Sushi,"Chilled sushi, maki, poke bowls and sushi selections."
Chilled Food,Salads,Coleslaw,"Coleslaw in all varieties - traditional, light, cheese, sriracha."
Chilled Food,Salads,Potato Salad,"Potato salad, including mashed and baby-potato styles."
Chilled Food,Salads,Prepared Salads,"Ready-made deli salads - pasta, rice, couscous, beetroot, egg mayonnaise, chicken deli fillers and mixed salad tubs."
Chilled Food,Savouries & Snacks,Pies & Pastries,"Chilled savoury pies, vol-au-vents and pastries."
Chilled Food,Savouries & Snacks,Quiche,Quiche and savoury egg tarts.
Chilled Food,Savouries & Snacks,Sausage Rolls,"Chilled sausage rolls, cocktail and jumbo."
Chilled Food,Sliced Cooked Meats,Beef & Luncheon Meats,"Sliced corned beef, luncheon roll, pork-and-onion roll and kids' character cooked-meat slices."
Chilled Food,Sliced Cooked Meats,Continental Meats,"Cured and continental sliced meats - chorizo, salami, pepperoni, parma/serrano ham, charcuterie, fuet."
Chilled Food,Sliced Cooked Meats,Frankfurters & Hotdogs,Chilled frankfurters and hot dog sausages.
Chilled Food,Sliced Cooked Meats,Ham,"Sliced and shaved cooked ham - traditional, honey roast, smoked, crumbed, nitrite-free."
Chilled Food,Sliced Cooked Meats,Poultry,"Sliced and shaved cooked chicken and turkey, plain and flavoured."
Chilled Food,Snacking,Hot Snacks & Burgers,"Microwaveable single-serve burgers, hot dogs, breakfast muffins and chicken subs."
Chilled Food,Snacking,Meat Snacks,"Chilled meat snacks - jerky, Peperami, chicken bites, snacking sausage."
Chilled Food,Soup,,Fresh chilled soups.
Chilled Food,Stuffing & Breadcrumbs,,Fresh stuffing and fresh breadcrumbs.
Drinks,Juice,Apple Juice,"Chilled and long-life apple juice, pressed or from concentrate."
Drinks,Juice,Coconut Water,Coconut water and coconut water drinks.
Drinks,Juice,Cranberry Juice,Cranberry juice and cranberry juice drinks.
Drinks,Juice,Orange Juice,"Chilled and long-life orange juice, smooth or with bits, including freshly squeezed."
Drinks,Juice,Other Fruit Juice,"All other single- and mixed-fruit juices and juice drinks (tropical, pomegranate, prune, apple-mango, kombucha-style juice drinks)."
Drinks,Juice,Smoothies,"Fruit and vegetable smoothies, super smoothies and juice/health shots."
Drinks,Juice,Vegetable Juice,"Tomato, beetroot, carrot and mixed vegetable juices."
Drinks,Kids Drinks,,"Kids ready-to-drink juice drinks, pouches and cartons (Fruit Shoot, Capri-Sun, Ribena)."
Drinks,Mixers,,"Tonic water, soda water, ginger ale and other drink mixers."
Drinks,Soft Drinks,Adult Soft Drinks & Presses,"Premium non-alcoholic sparkling juice drinks, presses and adult-oriented soft drinks (Shloer, Fentimans, Bottlegreen)."
Drinks,Soft Drinks,Cola,Cola-flavoured carbonated soft drinks in all pack formats.
Drinks,Soft Drinks,Iced Coffee,Ready-to-drink iced coffee and coffee shakes.
Drinks,Soft Drinks,Iced Tea,Ready-to-drink iced tea.
Drinks,Soft Drinks,Kombucha & Fermented Drinks,"Kombucha, water kefir and other fermented / gut-health soft drinks."
Drinks,Soft Drinks,Lemonade & Lemon-Lime,Lemonade and lemon-and-lime carbonated soft drinks in all pack formats.
Drinks,Soft Drinks,Orange,Orange-flavoured carbonated soft drinks in all pack formats.
Drinks,Soft Drinks,Other & Mixed Fizzy Drinks,"Other flavoured carbonated soft drinks (ginger beer, shandy, cidona, irn-bru, cream soda) and mixed-flavour fizzy multipacks."
Drinks,Soft Drinks,Sports & Energy Drinks,"Energy drinks, isotonic sports drinks and protein/energy shots."
Drinks,Squash & Cordials,,"Dilutable squash, cordials and dilutes."
Drinks,Water,Flavoured,Flavoured still and sparkling water and vitamin water.
Drinks,Water,Sparkling,Sparkling bottled water.
Drinks,Water,Still,Still bottled water.
Fish & Seafood,Fresh Fish,Salmon & Trout,"Fresh raw salmon and trout: fillets, darnes, cutlets, sides, joints, plain or skin-on."
Fish & Seafood,Fresh Fish,White Fish,"Fresh raw white fish fillets and portions: cod, haddock, hake, pollock/coley, plaice, sole, whiting, monkfish, basa, ray wings."
Fish & Seafood,Fresh Fish,Whole & Oily Fish,"Whole fresh fish (sea bass, bream, mackerel, sardines) and oily-fish steaks/fillets: mackerel, tuna, swordfish, kippers."
Fish & Seafood,Prepared Fish,Breaded Fish & Fishcakes,"Breaded, battered or crumb-coated fish and fishcakes, goujons, bites, kievs and fish snack boxes."
Fish & Seafood,Prepared Fish,Marinated & Ready-to-Cook Fish,"Fresh fish and seafood with added marinades, sauces, butters or crumb needing cooking: cajun/garlic/pil pil salmon and prawns, stir fries, en-croute style."
Fish & Seafood,Shellfish & Seafood,"Prawns, Crab & Shellfish","Fresh/cooked raw shellfish and seafood: prawns, crab meat and claws, mussels, oysters, scallops, seafood mix."
Fish & Seafood,Smoked Fish,Smoked & Ready-to-Eat Fish,"Smoked and ready-to-eat fish: smoked salmon, smoked mackerel/trout/kippers/coley, fish and seafood pâté, seafood sticks."
Food Cupboard,Asian,Cooking Sauces & Ingredients,"Pan-Asian and Chinese cooking: soy sauce, coconut milk, stir-fry and curry sauces, sweet chilli, hoisin, oyster sauce, rice vinegar, prawn crackers."
Food Cupboard,Biscuits,Breakfast Biscuits,Breakfast biscuits designed as a breakfast substitute (Belvita and similar).
Food Cupboard,Biscuits,"Crackers, Crispbreads & Rice Cakes","Crackers, cream crackers, water biscuits, crackerbread, crispbread, oatcakes, breadsticks, and rice/corn cakes."
Food Cupboard,Biscuits,Sweet Biscuits & Cookies,"All sweet biscuits, cookies, cream biscuits, digestives, wafers, shortbread and jaffa cakes, any tier or pack format."
Food Cupboard,Breakfast Cereals,Cereal Bars,"Cereal, grain and breakfast bars including Nutri-Grain, flapjacks and Nature Valley."
Food Cupboard,Breakfast Cereals,Cereals,"Flaked, puffed, malted and filled breakfast cereals eaten with milk (cornflakes, bran flakes, coco pops, cheerios, Special K, Weetabix-style)."
Food Cupboard,Breakfast Cereals,Muesli & Granola,"Muesli, granola and toasted oat clusters."
Food Cupboard,Breakfast Cereals,Porridge & Oats,"Porridge oats, oat sachets, jumbo/organic oats and ready-to-eat porridge pots."
Food Cupboard,Chocolate & Sweets,Boxed Chocolates,"Boxed chocolate assortments, pralines, truffles and chocolate gifts."
Food Cupboard,Chocolate & Sweets,Chewing Gum,Chewing gum and bubble gum.
Food Cupboard,Chocolate & Sweets,Chocolate Bags & Pouches,"Bags, pouches and sharing bags of bite-size chocolate (buttons, bubbles, nibbles)."
Food Cupboard,Chocolate & Sweets,Chocolate Bars,Single and sharing chocolate bars and blocks.
Food Cupboard,Chocolate & Sweets,Mints & Lozenges,"Mints, menthol sweets, throat/cough lozenges and soothers."
Food Cupboard,Chocolate & Sweets,Sweets & Confectionery,"Non-chocolate sugar confectionery: jellies, gums, boiled sweets, lollipops, fudge, toffee."
Food Cupboard,Coffee,Coffee Filters & Accessories,Paper coffee filters and non-electrical coffee-making accessories.
Food Cupboard,Coffee,Coffee Pods & Capsules,Nespresso/Dolce Gusto-compatible coffee pods and capsules.
Food Cupboard,Coffee,Ground Coffee & Beans,Roast and ground coffee and whole coffee beans.
Food Cupboard,Coffee,Instant Coffee,"Instant/soluble coffee including decaf, granules, microground and freeze-dried."
Food Cupboard,Coffee,Instant Coffee Sachets & Mixes,"Single-serve instant coffee drink sachets: cappuccino, latte, mocha, iced latte mixes."
Food Cupboard,Condiments & Table Sauces,BBQ & Hot Sauces,"BBQ sauces, hot sauces, wing sauces and other flavoured table/cooking sauces."
Food Cupboard,Condiments & Table Sauces,Chutney & Relish,"Chutneys, relishes and cranberry-style sauces sold as accompaniments."
Food Cupboard,Condiments & Table Sauces,Condiment Sauces,"Traditional accompaniment sauces: mint, apple, horseradish, tartare, redcurrant, cranberry."
Food Cupboard,Condiments & Table Sauces,Ketchup & Brown Sauce,Tomato ketchup and brown/steak sauce.
Food Cupboard,Condiments & Table Sauces,Marinades,"Marinades and marinade/cook-in sauces (peri peri, BBQ, whiskey)."
Food Cupboard,Condiments & Table Sauces,Mayonnaise & Salad Cream,"Mayonnaise, salad cream and flavoured mayo-based table sauces."
Food Cupboard,Condiments & Table Sauces,Mustard,"All mustards: English, Dijon, wholegrain, American."
Food Cupboard,Condiments & Table Sauces,Olives & Capers,Ambient jarred/canned olives and capers.
Food Cupboard,Condiments & Table Sauces,Pickles & Fermented Foods,"Pickles, gherkins, piccalilli, pickled onions, Branston-style pickle, jarred/tinned beetroot, and fermented vegetables (sauerkraut, kimchi, pickled red cabbage)."
Food Cupboard,Condiments & Table Sauces,Salad Dressings,"Pourable salad dressings and vinaigrettes (Caesar, French, Italian, honey & mustard)."
Food Cupboard,Condiments & Table Sauces,Vinegar,"Malt, wine, cider and balsamic vinegars and balsamic glaze."
Food Cupboard,"Crisps, Snacks, Nuts & Popcorn",Crisps & Snacks,"Crisps, tortilla chips, corn/potato snacks and savoury snacks, single or multipack."
Food Cupboard,"Crisps, Snacks, Nuts & Popcorn",Dips & Salsa,Ambient/shelf-stable dips and salsa sold alongside crisps.
Food Cupboard,"Crisps, Snacks, Nuts & Popcorn",Popcorn,Ready-to-eat popcorn and microwave/kernel popcorn.
Food Cupboard,"Crisps, Snacks, Nuts & Popcorn",Snacking Nuts & Dried Fruit,"Bagged snacking nuts, coated/chocolate nuts, trail mix and dried-fruit snacks."
Food Cupboard,Desserts & Sundries,Custard,"Custard powder, ready-to-serve custard and custard pots."
Food Cupboard,Desserts & Sundries,Dessert Sauces & Toppings,"Dessert/ice cream sauces, syrups, squirty cream and dessert toppings."
Food Cupboard,Desserts & Sundries,Ice Cream Cones & Wafers,Ice cream cones and wafers.
Food Cupboard,Desserts & Sundries,Jelly,"Jelly blocks, jelly crystals and ready-to-eat jelly pots."
Food Cupboard,Desserts & Sundries,Rice Pudding & Semolina,"Rice pudding, semolina, tapioca and pudding rice."
Food Cupboard,Home Baking,Baking Decorations,"Sprinkles, decorations, writing icing/gels, baking cases and cake boards."
Food Cupboard,Home Baking,Baking Dried Fruit,"Raisins, sultanas, currants, mixed peel, glace cherries and mixed dried fruit for baking."
Food Cupboard,Home Baking,Baking Ingredients,"Raising agents, yeast, vanilla and other essences, gelatine, suet and core baking ingredients."
Food Cupboard,Home Baking,Baking Nuts & Seeds,"Ground, flaked, chopped and whole nuts sold for baking."
Food Cupboard,Home Baking,Cake & Dessert Mixes,"Boxed cake, brownie, muffin, cookie and dessert mixes."
Food Cupboard,Home Baking,Cooking Chocolate & Cocoa,"Cooking chocolate, chocolate chips/chunks and cocoa powder."
Food Cupboard,Home Baking,Flour,"Plain, self-raising, wholemeal, bread and 00 flour."
Food Cupboard,Home Baking,Icing & Frosting,"Ready-made icing, frosting, fondant and cake covering (not icing sugar)."
Food Cupboard,Hot Drinks,Hot Chocolate & Malted Drinks,"Drinking chocolate, cocoa, malted milk drinks and milkshake powders."
Food Cupboard,Indian,Breads & Poppadoms,Ambient naan bread and poppadoms/pappadums.
Food Cupboard,Indian,Chutneys & Pickles,Indian mango chutney and pickles.
Food Cupboard,Indian,Cooking Sauces,"Jarred Indian curry cooking sauces (korma, tikka, balti, madras, jalfrezi)."
Food Cupboard,Indian,Curry Pastes,Indian curry and marinade spice pastes.
Food Cupboard,Indian,Spice Blends,"Indian spice blends, mixes and sachets."
Food Cupboard,Instant Hot Snacks,Instant Noodles,Instant noodle packets and bowls (Koka-style).
Food Cupboard,Instant Hot Snacks,Instant Pasta,"Microwave/ready pasta pots and packets (Dolmio, Ben's classics/street food)."
Food Cupboard,Instant Hot Snacks,Instant Rice,Instant/quick rice snack pots and packets.
Food Cupboard,Instant Hot Snacks,Pot Noodles,Add-water pot noodles and pot rice/ramen snacks.
Food Cupboard,Italian,Antipasti & Sundried Tomatoes,"Antipasti in oil, sundried tomatoes, bruschetta toppings and grilled peppers in oil."
Food Cupboard,Italian,Pasta & Cooking Sauces,"Jarred Italian pasta sauces, bolognese, arrabbiata, pizza sauce and cook-in sauces."
Food Cupboard,Italian,Pesto,"Green, red and speciality pesto (ambient/jarred)."
Food Cupboard,"Jams, Honey & Spreads",Chocolate & Nut Spreads,"Chocolate, hazelnut and Biscoff sweet spreads."
Food Cupboard,"Jams, Honey & Spreads",Honey,Honey in all formats including manuka.
Food Cupboard,"Jams, Honey & Spreads",Jams & Preserves,"Fruit jams, preserves, fruit spreads, curds and mincemeat."
Food Cupboard,"Jams, Honey & Spreads",Marmalade,Orange and other citrus marmalades.
Food Cupboard,"Jams, Honey & Spreads",Marmite & Yeast Extract,Yeast extract spreads.
Food Cupboard,"Jams, Honey & Spreads",Nut Butters & Tahini,"Peanut butter and other nut/seed butters: almond, cashew, hazelnut, mixed nut and tahini."
Food Cupboard,Japanese,Cooking Sauces & Ingredients,"Japanese cooking: soy sauce, mirin, teriyaki, panko, sushi rice/seasoning, wasabi, pickled ginger, dashi, Japanese noodles."
Food Cupboard,Mexican,Cooking Sauces,"Mexican cooking sauces: chilli con carne, fajita, enchilada."
Food Cupboard,Mexican,Meal Kits,"Mexican meal kits: fajita, taco, enchilada, burrito kits."
Food Cupboard,Mexican,"Salsa, Beans & Sides","Salsa, jalapenos, refried beans, guacamole, soured cream and tortilla chips sold as Mexican sides."
Food Cupboard,Mexican,Seasoning Mixes,"Mexican seasoning sachets for tacos, fajitas and chilli."
Food Cupboard,Mexican,Tortillas & Taco Shells,"Ambient flour tortillas/wraps, taco shells and tortilla pockets."
Food Cupboard,Oils,Cooking & Vegetable Oil,"Sunflower, vegetable, rapeseed and blended cooking oils and 1-calorie sprays."
Food Cupboard,Oils,Cooking Fats,"Goose fat, duck fat and other solid cooking fats."
Food Cupboard,Oils,Olive Oil,Olive oil and extra virgin olive oil.
Food Cupboard,Oils,Seed & Nut Oil,"Sesame, coconut, groundnut, grapeseed and flavoured/speciality seed & nut oils."
Food Cupboard,"Packet Sauces, Stocks & Herbs",Gravy & Stock,"Gravy granules/powder, stock cubes, pots and liquid stock."
Food Cupboard,"Packet Sauces, Stocks & Herbs",Herbs & Spices,"Dried herbs, ground and whole spices, and chopped garlic/ginger/chilli."
Food Cupboard,"Packet Sauces, Stocks & Herbs",Recipe Mixes & Packet Sauces,"Dry recipe mixes, casserole/meal mixes and dry packet sauce mixes."
Food Cupboard,"Packet Sauces, Stocks & Herbs",Salt & Pepper,"Table and cooking salt, peppercorns, grinders and seasoned salt."
Food Cupboard,"Packet Sauces, Stocks & Herbs",Stuffing & Breadcrumbs,Dry stuffing mixes and dried breadcrumbs.
Food Cupboard,"Rice, Pasta & Noodles",Noodles,"Dried and straight-to-wok egg, rice, udon and soba noodles."
Food Cupboard,"Rice, Pasta & Noodles",Pasta,Dried pasta of all shapes including wholewheat and gluten-free.
Food Cupboard,"Rice, Pasta & Noodles",Rice & Grains,"Dried and microwave rice, plus grains such as couscous, polenta, quinoa and bulgur."
Food Cupboard,Sugar,Brown Sugar,"Demerara, muscovado and soft brown sugars."
Food Cupboard,Sugar,Caster Sugar,White and golden caster sugar.
Food Cupboard,Sugar,Granulated Sugar,White granulated sugar and jam sugar.
Food Cupboard,Sugar,Icing Sugar,Icing sugar and royal icing sugar.
Food Cupboard,Sugar,Sweeteners,"Table sweeteners (tablets/granular), stevia, and alternative sweeteners such as agave and coconut sugar."
Food Cupboard,Tea,"Green, Fruit & Herbal Tea","Green tea, fruit infusions and herbal teas."
Food Cupboard,Tea,Loose Leaf Tea,Loose leaf black tea.
Food Cupboard,Tea,Speciality Tea,"Speciality teas: rooibos, matcha, earl grey, white tea, wellness blends."
Food Cupboard,Tea,Tea Bags,Standard black tea bags including decaf and one-cup.
Food Cupboard,Thai,Cooking Sauces & Ingredients,"Thai cooking: fish sauce, coconut milk/cream, curry sauces, sriracha, soy, stir-fry sauces."
Food Cupboard,Thai,Curry Pastes,"Thai curry pastes: green, red, yellow, massaman."
Food Cupboard,Thai,Meal Kits,Thai meal kits.
Food Cupboard,Tinned & Packet Foods,Baked Beans,Baked beans in tomato sauce and flavoured variants.
Food Cupboard,Tinned & Packet Foods,Beans & Pulses,"Tinned chickpeas, kidney/black/butter/cannellini beans, lentils and mixed pulses."
Food Cupboard,Tinned & Packet Foods,Dried & Marrowfat Peas,Dried marrowfat/processing peas and instant mashed potato.
Food Cupboard,Tinned & Packet Foods,Tinned Fruit,Tinned fruit in juice or syrup and tinned prunes.
Food Cupboard,Tinned & Packet Foods,Tinned Meat & Meat Meals,"Tinned meat, meatballs, and tinned meat pies/meals (Fray Bentos-style)."
Food Cupboard,Tinned & Packet Foods,Tinned Pasta,"Tinned spaghetti, spaghetti hoops and pasta shapes in sauce."
Food Cupboard,Tinned & Packet Foods,Tinned Vegetables,"Tinned peas, carrots, sweetcorn, mixed vegetables, potatoes and mushrooms."
Food Cupboard,Tinned Fish,Salmon,Tinned and pouch salmon.
Food Cupboard,Tinned Fish,"Sardines, Mackerel & Anchovies","Tinned sardines, mackerel, herring, kippers and anchovies."
Food Cupboard,Tinned Fish,Tuna,"Tinned and pouch tuna, tuna snack pots and tuna salads."
Food Cupboard,Tinned Soup,Cup Soup,Single-serve instant cup soups and sachets.
Food Cupboard,Tinned Soup,Packet Soup,Dry packet soup mixes made up with water.
Food Cupboard,Tinned Soup,Tinned Soup,"Ready-to-heat soup in cans and cartons, including condensed soup."
Food Cupboard,Tinned Tomatoes,Chopped & Whole Tomatoes,"Tinned chopped, whole and plum tomatoes, including flavoured."
Food Cupboard,Tinned Tomatoes,Passata,Sieved tomato passata.
Food Cupboard,Tinned Tomatoes,Tomato Purée,Tomato purée/paste and concentrated tomato paste.
Frozen Foods,Frozen Burgers & Sausages,Burgers,"Frozen beef and other meat burgers, quarter-pounders and grillsteaks."
Frozen Foods,Frozen Burgers & Sausages,Sausages,"Frozen sausages, cocktail sausages and jumbo sausages."
Frozen Foods,Frozen Chips & Potato Products,Chips & Fries,"Frozen chips, fries, french fries and oven chips."
Frozen Foods,Frozen Chips & Potato Products,Croquettes & Hash Browns,"Frozen croquettes, hash browns and rosti."
Frozen Foods,Frozen Chips & Potato Products,"Potato Shapes, Bites & Onion Rings","Frozen potato smiles/shapes/bites, jacket potatoes, crispy potato slices and onion rings."
Frozen Foods,Frozen Chips & Potato Products,Potato Waffles,Frozen potato waffles.
Frozen Foods,Frozen Chips & Potato Products,Roast Potatoes,Frozen roast and roasting potatoes.
Frozen Foods,Frozen Chips & Potato Products,Wedges,Frozen potato wedges.
Frozen Foods,Frozen Fish & Seafood,Battered Fish,Frozen battered fish fillets and steaks.
Frozen Foods,Frozen Fish & Seafood,Breaded Fish,"Frozen breaded and lightly-dusted fish fillets, steaks and goujons."
Frozen Foods,Frozen Fish & Seafood,Fish Cakes,Frozen fish cakes.
Frozen Foods,Frozen Fish & Seafood,Fish Fingers,Frozen fish fingers and fish nuggets.
Frozen Foods,Frozen Fish & Seafood,"Salmon, Prawns & Seafood","Frozen natural and marinated salmon / fish fillets, prawns, king prawns and shellfish."
Frozen Foods,"Frozen Pastry, Pies & Savouries",Pastry Sheets & Blocks,"Frozen puff, shortcrust and filo pastry blocks, sheets and vol-au-vent cases."
Frozen Foods,"Frozen Pastry, Pies & Savouries",Sausage Rolls,Frozen sausage rolls.
Frozen Foods,"Frozen Pastry, Pies & Savouries",Savoury Pastries & Snacks,"Frozen jambons, pasties, mozzarella sticks, gyoza and other savoury pastry snacks."
Frozen Foods,"Frozen Pastry, Pies & Savouries",Yorkshire Puddings,Frozen Yorkshire puddings.
Frozen Foods,Frozen Pizza & Garlic Bread,Deep Pan Pizza,"Frozen deep-pan, stuffed-crust and thick-base pizza."
Frozen Foods,Frozen Pizza & Garlic Bread,Garlic Bread,"Frozen garlic bread, garlic baguettes and garlic toasties."
Frozen Foods,Frozen Pizza & Garlic Bread,Mini & Snacking Pizza,"Frozen mini pizzas, pizza pockets, pizzinis and air-fryer pizza."
Frozen Foods,Frozen Pizza & Garlic Bread,Party Food & Snacks,"Frozen spring rolls, mini bites and oriental / party selection packs."
Frozen Foods,Frozen Pizza & Garlic Bread,Thin & Crispy Pizza,"Frozen thin, crispy and stonebaked-base pizza."
Frozen Foods,Frozen Poultry,Chicken Burgers,Frozen chicken burgers and chicken quarter-pounders.
Frozen Foods,Frozen Poultry,Chicken Fillets,"Frozen breaded, crispy and southern-fried chicken fillets, tenders and wings."
Frozen Foods,Frozen Poultry,Chicken Nuggets & Goujons,"Frozen chicken nuggets, dippers, goujons and fingers."
Frozen Foods,Frozen Poultry,Southern Fried & Takeaway Chicken,"Frozen takeaway-style chicken: popcorn chicken, shredded chicken, spice bags, wings and coated chicken pieces."
Frozen Foods,Frozen Ready Meals,,Frozen complete ready meals.
Frozen Foods,Frozen Vegetables,Mixed Vegetables & Stir Fry,"Frozen mixed vegetables, casserole mixes and stir-fry vegetable mixes."
Frozen Foods,Frozen Vegetables,Peas & Beans,"Frozen peas, petit pois, garden peas, mushy peas and green beans."
Frozen Foods,Frozen Vegetables,Vegetables & Sweetcorn,"Frozen single vegetables, sweetcorn, spinach and steam / microwave vegetable bags."
Frozen Foods,Frozen Vegetarian & Meat-Free,Meat-Free Burgers & Sausages,"Frozen vegetarian and vegan burgers, sausages and sausage rolls."
Frozen Foods,Frozen Vegetarian & Meat-Free,"Meat-Free Fillets, Pieces & Nuggets","Frozen meat-free fillets, nuggets, pieces, mince and escalopes."
Frozen Foods,Ice Cream & Desserts,Frozen Desserts & Gateaux,"Frozen roulades, gateaux, Viennetta, profiteroles, cheesecakes and macarons."
Frozen Foods,Ice Cream & Desserts,Frozen Fruit,"Frozen berries, mango and smoothie fruit mixes."
Frozen Foods,Ice Cream & Desserts,Frozen Yogurt,Frozen yogurt tubs and lollies.
Frozen Foods,Ice Cream & Desserts,"Ice Cream Sticks, Cones & Lollies","Ice cream sticks, bars, cones, ice lollies, ice pops and multipacks thereof."
Frozen Foods,Ice Cream & Desserts,Ice Cream Tubs & Blocks,"Take-home ice cream tubs, blocks and dairy-free / frozen-dessert tubs."
Frozen Foods,Ice Cream & Desserts,Ice Cubes,Bagged ice cubes.
Frozen Foods,Ice Cream & Desserts,Mochi & Ice Cream Bites,"Mochi ice cream, bite-size ice cream (bon bons) and chocolate-coated frozen fruit."
Fruit & Vegetables,Fresh Flowers,,"Cut flowers, bouquets and single-variety bunches."
Fruit & Vegetables,Fruit,"Apples, Pears & Rhubarb","Fresh whole apples (eating and cooking), pears and rhubarb, loose or packed."
Fruit & Vegetables,Fruit,Avocados,"Fresh avocados, single, in nets, and ripe-and-ready packs."
Fruit & Vegetables,Fruit,Bananas,"Fresh bananas and plantain, loose, bunched or in bags."
Fruit & Vegetables,Fruit,Berries,"Fresh strawberries, raspberries, blueberries, blackberries and mixed berry punnets."
Fruit & Vegetables,Fruit,Citrus Fruit,"Fresh oranges, easy peelers, lemons, limes and grapefruit, loose or netted."
Fruit & Vegetables,Fruit,Exotic & Tropical Fruit,"Fresh mango, pineapple, figs, dates, pomegranate, dragonfruit, passion fruit, coconut and similar tropical or speciality fruit."
Fruit & Vegetables,Fruit,Grapes,"Fresh table grapes, red, white, black and mixed seedless."
Fruit & Vegetables,Fruit,Kiwis,"Fresh green and gold kiwi fruit, loose, netted or in trays."
Fruit & Vegetables,Fruit,Melons,"Fresh whole and half melons including watermelon, cantaloupe, galia and honeydew."
Fruit & Vegetables,Fruit,Prepared Fruit,"Ready-to-eat cut, peeled or mixed fresh fruit: fruit salads, melon and pineapple chunks, fruit pots."
Fruit & Vegetables,Fruit,Stone Fruit,"Fresh peaches, nectarines, plums, apricots and cherries."
Fruit & Vegetables,Herbs,,"Fresh cut herbs, growing/potted herbs and herb pastes/purees (basil, coriander, parsley, mint, thyme, rosemary, garlic and ginger purees etc)."
Fruit & Vegetables,Salad Vegetables,Cucumber,Fresh whole and half cucumber.
Fruit & Vegetables,Salad Vegetables,Lettuce,"Whole fresh lettuce and salad leaf heads: iceberg, little gem, butterhead, cos, chinese leaves, pak choi."
Fruit & Vegetables,Salad Vegetables,Salad Bags & Bowls,"Bagged and boxed washed salad leaves, baby leaf, rocket, spinach and mixed leaf salad bowls."
Fruit & Vegetables,Salad Vegetables,Spring Onions,Fresh spring onions and scallions.
Fruit & Vegetables,Salad Vegetables,Sweetcorn,Fresh corn on the cob and cobettes.
Fruit & Vegetables,Salad Vegetables,Tomatoes,"Fresh tomatoes of all types: vine, cherry, plum, baby plum, beef and heirloom."
Fruit & Vegetables,Vegetables,"Beetroot, Parsnip, Swede & Turnip","Fresh root vegetables other than carrots and potatoes: beetroot (raw and cooked), parsnips, swede and turnip."
Fruit & Vegetables,Vegetables,"Cabbage, Broccoli & Leafy Greens","Fresh cabbage, broccoli, cauliflower, kale, spinach and similar brassicas and cooking greens."
Fruit & Vegetables,Vegetables,Carrots,"Fresh carrots, loose, bagged, bunched, baby and mixed carrot-and-parsnip packs."
Fruit & Vegetables,Vegetables,"Courgettes, Aubergines & Squash","Fresh courgettes, aubergines, butternut and other squash and marrow."
Fruit & Vegetables,Vegetables,"Green Beans, Peas & Mangetout","Fresh pod vegetables: green/fine beans, mangetout, sugar snap peas, edamame and baby corn."
Fruit & Vegetables,Vegetables,Leeks & Celery,"Fresh leeks and celery, loose or packed."
Fruit & Vegetables,Vegetables,Mushrooms,"Fresh mushrooms: button, closed cup, chestnut, flat, portobello, oyster and mushroom medleys."
Fruit & Vegetables,Vegetables,Onions & Garlic,"Fresh onions, shallots, garlic and echalion, loose, netted or sleeved."
Fruit & Vegetables,Vegetables,Peppers & Chillies,"Fresh bell peppers, sweet pointed peppers, mini/snack peppers and fresh chillies."
Fruit & Vegetables,Vegetables,Potatoes & Sweet Potatoes,"Fresh potatoes of all varieties (rooster, maris piper, baby, queens etc), sweet potatoes, and fresh-cut/peeled potato and chip packs."
Fruit & Vegetables,Vegetables,Prepared & Stir-Fry Vegetables,"Washed, cut, diced or shredded fresh vegetables, stir-fry and steam mixes, soup/stew veg packs, coleslaw mix and crispy onion garnishes."
Fruit & Vegetables,Vegetables,Speciality Vegetables,"Less-common fresh vegetables sold individually: asparagus, celeriac, fennel, chicory, radish, mooli, samphire, fresh ginger, turmeric and lemongrass."
Health & Wellness,Sports Nutrition,Protein Bars & Energy Gels,"Protein bars, protein flapjacks, wafers and cookies, plus endurance energy/caffeine gels, chews and effervescent electrolyte tablets aimed at training and sport."
Health & Wellness,Sports Nutrition,Protein Drinks,"Ready-to-drink protein shakes and milkshakes, high-protein waters, and meal-replacement drinks (Huel, YFood, Complan-style)."
Health & Wellness,Sports Nutrition,Protein Powder,"Powdered whey, plant and collagen protein, plus other training powders sold alongside it: creatine, pre-workout, electrolyte and greens powders."
Health & Wellness,Vitamins & Supplements,Adult Multivitamins,"Daily multivitamin and multimineral tablets, capsules, gummies and effervescents for adults, including age- and gender-targeted (men, women, 50+) multivitamins."
Health & Wellness,Vitamins & Supplements,Children & Teens,"Multivitamins, vitamin D and mineral supplements formulated for babies, children and teenagers, in chewable, gummy, drop and effervescent forms."
Health & Wellness,Vitamins & Supplements,Cod Liver Oils,"Cod liver oil and fish-oil supplements in liquid and capsule form, including versions with added multivitamins."
Health & Wellness,Vitamins & Supplements,Energy & Immunity,"Single- and combination-nutrient supplements for energy and immune support: vitamin C, zinc, B-complex, vitamin D, magnesium, iron, elderberry and effervescent immunity formulas."
Health & Wellness,Vitamins & Supplements,General Health Supplements,"General wellbeing supplements not tied to a life-stage or condition: probiotics, collagen, omega 3-6-9, biotin, hair/skin/nail formulas, garlic, evening primrose, apple cider vinegar tablets, effervescent vitamin drink mixes and flower remedies."
Health & Wellness,Vitamins & Supplements,Jointcare & Bone Health,"Supplements for joints, bones and cartilage: glucosamine, turmeric, collagen, calcium and omega-3 jointcare formulas."
Health & Wellness,Vitamins & Supplements,Womens Health,"Supplements targeted at women's health: evening primrose oil, folic acid, pregnancy multivitamins (Pregnacare) and starflower oil."
Household & Cleaning,Aids & Cleaners,Boosters,
Household & Cleaning,Aids & Cleaners,Dryer Sheets,
Household & Cleaning,Aids & Cleaners,Laundry Cleaners,
Household & Cleaning,Aids & Cleaners,Sprays,
Household & Cleaning,Aids & Cleaners,Stain Remover,
Household & Cleaning,Air Fresheners,Aerosols,
Household & Cleaning,Air Fresheners,Candles,
Household & Cleaning,Air Fresheners,Electrical,
Household & Cleaning,Air Fresheners,Solids & Gel,
Household & Cleaning,Air Fresheners,Sprays,
Household & Cleaning,All Purpose Cleaners,Cream,
Household & Cleaning,All Purpose Cleaners,"Liquid, Wipes & Gel",
Household & Cleaning,All Purpose Cleaners,Spray,
Household & Cleaning,All Purpose Cleaners,Wipes,
Household & Cleaning,Bathroom,Spray,
Household & Cleaning,Bathroom,Wipes,
Household & Cleaning,Batteries,,
Household & Cleaning,Capsules & Liquitabs,Bio,
Household & Cleaning,Capsules & Liquitabs,Colour Care,
Household & Cleaning,Capsules & Liquitabs,Non Bio,
Household & Cleaning,Cleaning,Bleach,
Household & Cleaning,Cleaning,Disinfectants,
Household & Cleaning,Cleaning,Furniture Cleaner & Polish,
Household & Cleaning,Cleaning,Gloves,
Household & Cleaning,Cleaning,Kitchen Cleaners,
Household & Cleaning,Cleaning,"Mops, Brooms & Buckets",
Household & Cleaning,Cleaning,Oven Cleaners,
Household & Cleaning,Cleaning,"Sponges, Cloths & Scourers",
Household & Cleaning,Cleaning,Washing Up Liquid,
Household & Cleaning,Cleaning,Window Cleaners,
Household & Cleaning,Dishwasher,Fresheners,
Household & Cleaning,Dishwasher,Rinse Aids,
Household & Cleaning,Dishwasher,Salt,
Household & Cleaning,Dishwasher,Tablets,
Household & Cleaning,Fabric Softener,Dilute,
Household & Cleaning,Firelighters & Logs,Accessories,
Household & Cleaning,Firelighters & Logs,Block Firelighters,
Household & Cleaning,Firelighters & Logs,Logs & Bags,
Household & Cleaning,Firelighters & Logs,Matches,
Household & Cleaning,Firelighters & Logs,Wrapped Firelighters,
Household & Cleaning,Floor & Carpet Cleaners,Carpet Cleaners,
Household & Cleaning,Floor & Carpet Cleaners,Liquid & Gel,
Household & Cleaning,Fly & Bug Killers,,
Household & Cleaning,"Foil, Film, Wrap & Bags",Cling Film,
Household & Cleaning,"Foil, Film, Wrap & Bags",Cooking & Baking,
Household & Cleaning,"Foil, Film, Wrap & Bags",Foil,
Household & Cleaning,"Foil, Film, Wrap & Bags",Food & Sandwich Bags,
Household & Cleaning,Homeware,Candles,
Household & Cleaning,Kitchen Rolls,Family,
Household & Cleaning,Kitchen Rolls,Luxury,
Household & Cleaning,Kitchenware,,
Household & Cleaning,Laundry Liquids & Gels,Bio,
Household & Cleaning,Laundry Liquids & Gels,Colour Care,
Household & Cleaning,Laundry Liquids & Gels,Non Bio & Sensitive Skin,
Household & Cleaning,Laundry Liquids & Gels,Scent & Colour Booster,
Household & Cleaning,Laundry Powder,Bio,
Household & Cleaning,Laundry Powder,Colour Care,
Household & Cleaning,Laundry Powder,Non Bio,
Household & Cleaning,Laundry Powder,Scent & Colour Booster,
Household & Cleaning,Refuse Sacks & Bin Liners,Compostable Bin Liners,
Household & Cleaning,Refuse Sacks & Bin Liners,Refuse Sacks,
Household & Cleaning,Shoe Care,,
Household & Cleaning,Small Appliances,,
Household & Cleaning,Stationery,,
Household & Cleaning,Tableware & Partyware,,
Household & Cleaning,Tissues,,
Household & Cleaning,Toilet Cleaners,Liquid & Gel,
Household & Cleaning,Toilet Cleaners,Toilet Bowl Blocks,
Household & Cleaning,Toilet Cleaners,Toilet Cistern Blocks,
Household & Cleaning,Toilet Rolls,Family,
Household & Cleaning,Toilet Rolls,Luxury & Wipes,
Meat & Poultry,Bacon,"Bacon Joints, Chops & Ribs","Raw uncooked bacon cuts for cooking: bacon and ham joints/fillets, bacon loin, bacon chops, medallions and bacon ribs. Excludes sliced rashers."
Meat & Poultry,Beef,"Burgers, Grills & Meatballs","Raw shaped beef products for grilling: burgers, grillsteaks, koftas and meatballs."
Meat & Poultry,Beef,Mince,"Raw minced/ground beef of any lean grade, including mixed beef-and-pork mince."
Meat & Poultry,Beef,Roasts,"Raw beef roasting joints (topside, silverside, rib roast, brisket, round, striploin joint) and oxtail."
Meat & Poultry,Beef,Steaks,"Raw beef steaks and quick-fry/frying beef pieces of any cut (fillet, sirloin, striploin, rib eye, rump, picanha, minute, tomahawk, wagyu)."
Meat & Poultry,Beef,Stewing & Diced,"Raw diced, cubed or stewing beef (chuck, shin, heel, neck) for slow cooking."
Meat & Poultry,Chicken & Poultry,Breaded & Coated Poultry,"Raw or par-cooked breaded, battered or crumb-coated poultry: kievs, goujons, nuggets, dippers, breaded fillets and burgers."
Meat & Poultry,Chicken & Poultry,Fresh Chicken & Turkey,"Raw whole birds, breast/thigh fillets, legs, drumsticks, wings, diced/mini fillets, poultry mince, turkey joints and steaks, including plain and marinated/seasoned raw cuts."
Meat & Poultry,Game,Duck & Game Birds,"Fresh duck (whole, half, breast fillets, confit, crispy duck) and other game birds."
Meat & Poultry,Lamb,Chops & Steaks,"Raw lamb chops (loin, gigot, chump), leg steaks, boneless shoulder/loin and lamb koftas."
Meat & Poultry,Lamb,Mince,Raw minced/ground lamb.
Meat & Poultry,Lamb,Offal,"Raw lamb offal: liver, kidney, heart."
Meat & Poultry,Lamb,Roasts,"Raw lamb roasting joints: leg, shoulder, rack, rump."
Meat & Poultry,Lamb,Stewing & Diced,"Raw diced, gigot or stewing lamb for slow cooking."
Meat & Poultry,Pork,"Chops, Steaks & Roasts","Raw pork chops, steaks, loin, belly, fillet/tenderloin, gigot and roasting joints, plain or marinated."
Meat & Poultry,Pork,Mince,Raw minced/ground pork of any lean grade.
Meat & Poultry,Pork,Ribs,"Raw pork ribs and rib racks, plain or sauced."
Meat & Poultry,Prepared Meats,Marinated & Ready-to-Cook Meat,"Butcher-prepared raw meat dishes needing cooking: marinated, stuffed, skewered, wrapped or sauced beef, pork, chicken and turkey."
Meat & Poultry,"Sausages, Rashers & Pudding",Black & White Pudding,"Black pudding, white pudding and mixed pudding in chubb, ring, sliced or mini formats."
Meat & Poultry,"Sausages, Rashers & Pudding",Rashers & Bacon Slices,"Cured sliced bacon rashers and gammon steaks: back, streaky, dry-cure, smoked/unsmoked, turkey rashers."
Meat & Poultry,"Sausages, Rashers & Pudding",Sausages,"Raw fresh sausages of all meats and styles: pork, beef, chicken, turkey, cocktail, dinner, flavoured."
"Milk, Yogurt, Butter & Eggs",Butter & Spreads,Block Butter,"Block butter, salted and unsalted, plus flavoured butters."
"Milk, Yogurt, Butter & Eggs",Butter & Spreads,Chilled Pastry & Dough,"Chilled ready-rolled and ready-to-bake pastry, croissant dough and cookie dough."
"Milk, Yogurt, Butter & Eggs",Butter & Spreads,Cooking & Baking Fats,"Baking blocks, block margarine, lard and cooking fat."
"Milk, Yogurt, Butter & Eggs",Butter & Spreads,Dairy Spreads,"Margarine and dairy/vegetable-oil spreads in tubs, including cholesterol-lowering spreads (Benecol, Proactiv)."
"Milk, Yogurt, Butter & Eggs",Butter & Spreads,Spreadable Butter,Spreadable and softer butter blends in tubs.
"Milk, Yogurt, Butter & Eggs",Chilled Desserts,,"Chilled desserts - rice pudding (Muller Rice, Rachel's Divine Rice, Avonmore creamed rice), mousse, trifle, cheesecake, creme brulee, creme caramel, tiramisu, chocolate pots and chilled pancakes."
"Milk, Yogurt, Butter & Eggs",Cream & Custard,Fresh Cream,"Fresh single, double, pouring and whipping cream."
"Milk, Yogurt, Butter & Eggs",Cream & Custard,Fresh Custard,Fresh (chilled) custard.
"Milk, Yogurt, Butter & Eggs",Cream & Custard,Sour Cream & Crème Fraîche,"Sour cream, cooking cream and creme fraiche."
"Milk, Yogurt, Butter & Eggs",Cream & Custard,Whipped & Aerosol Cream,Ready-whipped cream and aerosol/long-life spray cream.
"Milk, Yogurt, Butter & Eggs",Eggs,Free Range,Free-range hen eggs and free-range liquid egg/egg white.
"Milk, Yogurt, Butter & Eggs",Eggs,Standard,Barn and mixed-weight eggs.
"Milk, Yogurt, Butter & Eggs",Fresh Milk,Buttermilk,Buttermilk and drinking kefir milk.
"Milk, Yogurt, Butter & Eggs",Fresh Milk,Flavoured Milk,"Chocolate, strawberry and other flavoured milk drinks."
"Milk, Yogurt, Butter & Eggs",Fresh Milk,Goats Milk,Fresh goats' milk.
"Milk, Yogurt, Butter & Eggs",Fresh Milk,Protein & Omega Milk,Protein-enriched and omega-enriched fresh milk and fresh protein milkshakes.
"Milk, Yogurt, Butter & Eggs",Fresh Milk,Skimmed Milk,"Fresh skimmed, fat-free and 1%/light milk."
"Milk, Yogurt, Butter & Eggs",Fresh Milk,Whole Milk,Fresh whole/full-fat cows' milk.
"Milk, Yogurt, Butter & Eggs",Milk & Yogurt Alternatives,Butter & Spread Alternatives,Plant-based/vegan butter blocks and spreads.
"Milk, Yogurt, Butter & Eggs",Milk & Yogurt Alternatives,Milk & Cream Alternatives,"Plant-based milk and cream alternatives (soya, oat, almond, coconut), chilled and long-life."
"Milk, Yogurt, Butter & Eggs",Milk & Yogurt Alternatives,Yogurt Alternatives,"Plant-based (soya, coconut, oat, almond) yogurt alternatives."
"Milk, Yogurt, Butter & Eggs",Yogurts,Fruit & Flavoured Yogurt,"Fruit, vanilla and flavoured yogurts - single pots and multipacks, including corner/granola styles."
"Milk, Yogurt, Butter & Eggs",Yogurts,Kids Yogurts,"Children's yogurts, fromage frais, pouches and tubes (Petits Filous, Frubes, character packs)."
"Milk, Yogurt, Butter & Eggs",Yogurts,Natural & Greek Yogurt,"Natural, Greek, Greek-style, skyr and Icelandic-style plain yogurt at all fat levels, including plain protein-strained yogurt."
"Milk, Yogurt, Butter & Eggs",Yogurts,Protein Yogurt,"Yogurt, skyr, quark and kvarg explicitly positioned as high-protein, flavoured or natural."
"Milk, Yogurt, Butter & Eggs",Yogurts,Yogurt & Kefir Drinks,"Drinking yogurt, kefir drinks and probiotic shots (Yakult, Actimel, Yop, Benecol drinks)."
Newsagent & Tobacconist,Cigarettes & Cigars,Cigarettes,
Newsagent & Tobacconist,Cigarettes & Cigars,Cigars,
Newsagent & Tobacconist,Cigarettes & Cigars,E-cigarettes,
Newsagent & Tobacconist,Cigarettes & Cigars,Smoking Accessories,
Newsagent & Tobacconist,Cigarettes & Cigars,Tobacco,
Newsagent & Tobacconist,Magazines,,
Newsagent & Tobacconist,Newspapers,,
Pets,Cat & Kitten,Cans,
Pets,Cat & Kitten,Cat Accessories,
Pets,Cat & Kitten,Cat Food Trays,
Pets,Cat & Kitten,Dry Cat Food,
Pets,Cat & Kitten,Milk & Treats,
Pets,Cat & Kitten,Multipack Pouch,
Pets,Cat & Kitten,Single Pouch,
Pets,Dog & Puppy,Cans,
Pets,Dog & Puppy,Dog Accessories,
Pets,Dog & Puppy,Dog Biscuits,
Pets,Dog & Puppy,Dog Chews,
Pets,Dog & Puppy,Dog Food Trays,
Pets,Dog & Puppy,Dog Treats,
Pets,Dog & Puppy,Dry Dog Food,
Pets,Dog & Puppy,Pouch,
Pets,Other Pet Food,Bird Food,
Pets,Other Pet Food,Fish Food,
"Wine, Beer & Spirits",Beer,Ale,"Ale, IPA, red ale, pale ale and golden ale, including craft."
"Wine, Beer & Spirits",Beer,Lager,"Lager and pilsner, including world and craft lager."
"Wine, Beer & Spirits",Beer,Stout,"Stout and porter, including craft."
"Wine, Beer & Spirits",Champagne & Sparkling,,"Champagne, prosecco, cava, cremant and other sparkling wine."
"Wine, Beer & Spirits",Cider & Alcopops,Alcopops & RTDs,"Alcopops, pre-mixed spirit-and-mixer cans, ready-to-drink cocktails and hard seltzers."
"Wine, Beer & Spirits",Cider & Alcopops,Cider,"Apple, pear and fruit cider, including craft and Irish cider."
"Wine, Beer & Spirits",Fortified & Dessert Wine,Port,Port.
"Wine, Beer & Spirits",Fortified & Dessert Wine,Sherry,Sherry.
"Wine, Beer & Spirits",Non-Alcoholic,Non-Alcoholic Beer & Cider,"Alcohol-free and 0.0% beer, lager and cider."
"Wine, Beer & Spirits",Non-Alcoholic,Non-Alcoholic Spirits,"Alcohol-free spirits, aperitifs and cocktail / mixer syrups."
"Wine, Beer & Spirits",Non-Alcoholic,Non-Alcoholic Wine,Alcohol-free still and sparkling wine.
"Wine, Beer & Spirits",Red Wine,Argentina,Red wine from Argentina.
"Wine, Beer & Spirits",Red Wine,Australia,Red wine from Australia.
"Wine, Beer & Spirits",Red Wine,Chile,Red wine from Chile.
"Wine, Beer & Spirits",Red Wine,Eastern Europe,Red wine from Eastern Europe.
"Wine, Beer & Spirits",Red Wine,France,Red wine from France.
"Wine, Beer & Spirits",Red Wine,Germany,Red wine from Germany.
"Wine, Beer & Spirits",Red Wine,Italy,Red wine from Italy.
"Wine, Beer & Spirits",Red Wine,New Zealand,Red wine from New Zealand.
"Wine, Beer & Spirits",Red Wine,Portugal,Red wine from Portugal.
"Wine, Beer & Spirits",Red Wine,South Africa,Red wine from South Africa.
"Wine, Beer & Spirits",Red Wine,Spain,Red wine from Spain.
"Wine, Beer & Spirits",Red Wine,USA,Red wine from USA.
"Wine, Beer & Spirits",Rose Wine,,"Rose and blush wine, still and sparkling."
"Wine, Beer & Spirits",Spirits & Liqueurs,American Whiskey,Bourbon and American / Tennessee whiskey.
"Wine, Beer & Spirits",Spirits & Liqueurs,Brandy & Cognac,"Brandy, cognac and armagnac."
"Wine, Beer & Spirits",Spirits & Liqueurs,Cream Liqueurs,Irish cream and other cream liqueurs.
"Wine, Beer & Spirits",Spirits & Liqueurs,Gin,Gin and flavoured gin.
"Wine, Beer & Spirits",Spirits & Liqueurs,Irish Whiskey,Irish whiskey.
"Wine, Beer & Spirits",Spirits & Liqueurs,Liqueurs,"Liqueurs, bitters, schnapps, aperitifs and pre-mixed bottled cocktails (non-cream)."
"Wine, Beer & Spirits",Spirits & Liqueurs,Rum,"White, dark, spiced and flavoured rum."
"Wine, Beer & Spirits",Spirits & Liqueurs,Scotch Whisky,Scotch whisky.
"Wine, Beer & Spirits",Spirits & Liqueurs,Tequila,Tequila and mezcal.
"Wine, Beer & Spirits",Spirits & Liqueurs,Vodka,Vodka and flavoured vodka.
"Wine, Beer & Spirits",White Wine,Argentina,White wine from Argentina.
"Wine, Beer & Spirits",White Wine,Australia,White wine from Australia.
"Wine, Beer & Spirits",White Wine,Chile,White wine from Chile.
"Wine, Beer & Spirits",White Wine,Eastern Europe,White wine from Eastern Europe.
"Wine, Beer & Spirits",White Wine,France,White wine from France.
"Wine, Beer & Spirits",White Wine,Germany,White wine from Germany.
"Wine, Beer & Spirits",White Wine,Italy,White wine from Italy.
"Wine, Beer & Spirits",White Wine,New Zealand,White wine from New Zealand.
"Wine, Beer & Spirits",White Wine,Portugal,White wine from Portugal.
"Wine, Beer & Spirits",White Wine,South Africa,White wine from South Africa.
"Wine, Beer & Spirits",White Wine,Spain,White wine from Spain.
"Wine, Beer & Spirits",White Wine,USA,White wine from USA.
